{"packages/cupertino_icons/assets/CupertinoIcons.ttf":["packages/cupertino_icons/assets/CupertinoIcons.ttf"],"assets/jsonassets/FaqJson":["assets/jsonassets/FaqJson"],"assets/images/Online_classes.jpg":["assets/images/Online_classes.jpg"],"assets/images/appIcon.jpeg":["assets/images/appIcon.jpeg"],"assets/images/bank.png":["assets/images/bank.png"],"assets/jsonassets/browseJson":["assets/jsonassets/browseJson"],"assets/jsonassets/catJson":["assets/jsonassets/catJson"],"assets/jsonassets/congrats.json":["assets/jsonassets/congrats.json"],"assets/images/copywriting.png":["assets/images/copywriting.png"],"assets/images/defense.jpg":["assets/images/defense.jpg"],"assets/images/download.jpg":["assets/images/download.jpg"],"assets/images/elearning%20baner.jpg":["assets/images/elearning%20baner.jpg"],"assets/images/elearning.png":["assets/images/elearning.png"],"assets/images/icon.png":["assets/images/icon.png"],"assets/jsonassets/json":["assets/jsonassets/json"],"packages/wakelock_web/assets/no_sleep.js":["packages/wakelock_web/assets/no_sleep.js"],"assets/images/other.jpg":["assets/images/other.jpg"],"assets/images/school.jpg":["assets/images/school.jpg"],"assets/images/ssc.jpg":["assets/images/ssc.jpg"],"assets/images/state.jpg":["assets/images/state.jpg"],"assets/images/teacher.jpg":["assets/images/teacher.jpg"],"assets/images/teacher.png":["assets/images/teacher.png"],"assets/images/teachers.jpg":["assets/images/teachers.jpg"],"packages/fluttertoast/assets/toastify.css":["packages/fluttertoast/assets/toastify.css"],"packages/fluttertoast/assets/toastify.js":["packages/fluttertoast/assets/toastify.js"],"assets/images/upsc.jpg":["assets/images/upsc.jpg"],"assets/jsonassets/win_lottie.json":["assets/jsonassets/win_lottie.json"]}